legacy_symbol	migrated_path	provenance_file
RYD_AIChatter	addons/common/functions/fnc_AIChatter.sqf	addons/common/functions/fnc_AIChatter.sqf
RYD_AmmoCount	addons/common/functions/fnc_ammoCount.sqf	addons/common/functions/fnc_ammoCount.sqf
RYD_AmmoFullCount	addons/common/functions/fnc_ammoFullCount.sqf	addons/common/functions/fnc_ammoFullCount.sqf
RYD_AngTowards	addons/common/functions/fnc_angleTowards.sqf	addons/common/functions/fnc_angleTowards.sqf
RYD_CloseEnemy	addons/common/functions/fnc_closeEnemy.sqf	addons/common/functions/fnc_closeEnemy.sqf
RYD_CloseEnemyB	addons/common/functions/fnc_closeEnemyB.sqf	addons/common/functions/fnc_closeEnemyB.sqf
RYD_ClusterC	addons/common/functions/fnc_clusterC.sqf	addons/common/functions/fnc_clusterC.sqf
RYD_CreateDecoy	addons/common/functions/fnc_createDecoy.sqf	addons/common/functions/fnc_createDecoy.sqf
RYD_deployUAV	addons/common/functions/fnc_deployUAV.sqf	addons/common/functions/fnc_deployUAV.sqf
RYD_DistOrdD	addons/common/functions/fnc_distOrdD.sqf	addons/common/functions/fnc_distOrdD.sqf
RYD_FindClosest	addons/common/functions/fnc_findClosest.sqf	addons/common/functions/fnc_findClosest.sqf
RYD_FireCount	addons/common/functions/fnc_fireCount.sqf	addons/common/functions/fnc_fireCount.sqf
RYD_Flares	addons/common/functions/fnc_flares.sqf	addons/common/functions/fnc_flares.sqf
RYD_GarrP	addons/common/functions/fnc_garrisonP.sqf	addons/common/functions/fnc_garrisonP.sqf
RYD_GarrS	addons/common/functions/fnc_garrisonS.sqf	addons/common/functions/fnc_garrisonS.sqf
RYD_GoLaunch	addons/common/functions/fnc_goLaunch.sqf	addons/common/functions/fnc_goLaunch.sqf
RYD_GroupMarkerLoop	addons/common/functions/fnc_groupMarkerLoop.sqf	addons/common/functions/fnc_groupMarkerLoop.sqf
RYD_HQChatter	addons/common/functions/fnc_HQChatter.sqf	addons/common/functions/fnc_HQChatter.sqf
RYD_isInside	addons/common/functions/fnc_isInside.sqf	addons/common/functions/fnc_isInside.sqf
RYD_isNight	addons/common/functions/fnc_isNight.sqf	addons/common/functions/fnc_isNight.sqf
RYD_LF	addons/common/functions/fnc_LF.sqf	addons/common/functions/fnc_LF.sqf
RYD_LF_EFF	addons/common/functions/fnc_LF_EFF.sqf	addons/common/functions/fnc_LF_EFF.sqf
RYD_LiveFeed	addons/common/functions/fnc_liveFeed.sqf	addons/common/functions/fnc_liveFeed.sqf
RYD_LOSCheck	addons/common/functions/fnc_LOSCheck.sqf	addons/common/functions/fnc_LOSCheck.sqf
RYD_Mark	addons/common/functions/fnc_mark.sqf	addons/common/functions/fnc_mark.sqf
RYD_OrderPause	addons/common/functions/fnc_orderPause.sqf	addons/common/functions/fnc_orderPause.sqf
RYD_PointToSecDst	addons/common/functions/fnc_pointToSecondaryDistance.sqf	addons/common/functions/fnc_pointToSecondaryDistance.sqf
RYD_RandomAround	addons/common/functions/fnc_positionAround.sqf	addons/common/functions/fnc_positionAround.sqf
RYD_PosTowards2D	addons/common/functions/fnc_positionTowards2D.sqf	addons/common/functions/fnc_positionTowards2D.sqf
RYD_RandomAroundB	addons/common/functions/fnc_randomAroundB.sqf	addons/common/functions/fnc_randomAroundB.sqf
RYD_RandomAroundMM	addons/common/functions/fnc_randomAroundMM.sqf	addons/common/functions/fnc_randomAroundMM.sqf
RYD_Recon	addons/common/functions/fnc_recon.sqf	addons/common/functions/fnc_recon.sqf
RYD_ReverseArr	addons/common/functions/fnc_reverseArr.sqf	addons/common/functions/fnc_reverseArr.sqf
RYD_RHQCheck	addons/common/functions/fnc_rhqCheck.sqf	addons/common/functions/fnc_rhqCheck.sqf
RYD_Smoke	addons/common/functions/fnc_smoke.sqf	addons/common/functions/fnc_smoke.sqf
RYD_Spawn	addons/common/functions/fnc_spawn.sqf	addons/common/functions/fnc_spawn.sqf
RYD_TerraCognita	addons/common/functions/fnc_terraCognita.sqf	addons/common/functions/fnc_terraCognita.sqf
RYD_VarReductor	addons/common/functions/fnc_varReductor.sqf	addons/common/functions/fnc_varReductor.sqf
RYD_Wait	addons/common/functions/fnc_wait.sqf	addons/common/functions/fnc_wait.sqf
RYD_WPSync	addons/common/functions/fnc_WPSync.sqf	addons/common/functions/fnc_WPSync.sqf
